pool,block_number,block_hash,block_time,log_index,tx_hash,sender,recipient,amount0,amount1,sqrt_price_x96,liquidity,price,tick
mypool,34413172,0xdfd361851a61d0215ebd35a2b8a0cac30c8e110f42b924fa1f1bd42263617df2,1667295939,50,0xdfd361851a61d0215ebd35a2b8a0cac30c8e110f42b924fa1f1bd42263617df2,sender,recipient,-3.125058986263868,117.12552150470712,482681478307990609559388491591,0,37116079892121.6,36142
mypool,34413456,0x5d569d34eb8f72e8f78d9571c65d2eecf61284eb4a36def42eec04cb2333aa74,1667296005,6,0x5d569d34eb8f72e8f78d9571c65d2eecf61284eb4a36def42eec04cb2333aa74,sender,recipient,-12.470407651000396,468.1025884380018,483274766832213755810461599822,0,37207378516757.97,36166
mypool,34417060,0x204ff44e839c57b172c167d06103b8e1efc76758fd62958e59d07b1172007f16,1667296979,3,0x204ff44e839c57b172c167d06103b8e1efc76758fd62958e59d07b1172007f16,sender,recipient,2.8e-17,-1e-15,483274766832213755809181364778,0,37207378516757.97,36166
mypool,34488437,0xd41a2cf4754dabc2b34080b9b3ac5e15466cfc0a09466881e8ec9ae2eeac9b8e,1667316626,7,0xd41a2cf4754dabc2b34080b9b3ac5e15466cfc0a09466881e8ec9ae2eeac9b8e,sender,recipient,-18.833557522590418,709.1403067562917,484163550130917500042422172466,0,37344359412542.34,36203
mypool,34492068,0xf332b47369d1396e316d19a8330e0491a6053728527d182ae5ffe9810f593445,1667317636,7,0xf332b47369d1396e316d19a8330e0491a6053728527d182ae5ffe9810f593445,sender,recipient,-0.18147368286136553,6.845583347012077,484171342795956577326460987047,0,37345561545275.625,36203
mypool,34492493,0x19152d4a487c8fdb918d36d16d207f679861abc52af5208b96af1fd5d6074633,1667317750,3,0x19152d4a487c8fdb918d36d16d207f679861abc52af5208b96af1fd5d6074633,sender,recipient,-0.07592628566661698,2.864170574432104,484174603222536742019920946365,0,37346064519577.19,36204
mypool,34496491,0x7cbedb6fe013dd45eaad7bf0d9ec89247af5467cab349370dd5cf0eb81f0bfd5,1667318867,9,0x7cbedb6fe013dd45eaad7bf0d9ec89247af5467cab349370dd5cf0eb81f0bfd5,sender,recipient,-2.77075031779e-07,1.0452183852387e-05,484174603234434978234378007932,0,37346064521412.69,36204
mypool,34497520,0x07becf3953f212d49a724dd68ba25cf441f88d02835ea1849b58abf2a74cdda8,1667319155,3,0x07becf3953f212d49a724dd68ba25cf441f88d02835ea1849b58abf2a74cdda8,sender,recipient,-0.000994987259334908,0.03753420370128168,484174645961469640700075612285,0,37346071112781.39,36204
mypool,34497746,0xea1e2e6605cd89bd6c3a7106728fb105e26f2d3efce2f79d0f5927034cb79c99,1667319219,5,0xea1e2e6605cd89bd6c3a7106728fb105e26f2d3efce2f79d0f5927034cb79c99,sender,recipient,-0.051234838407975776,1.9327561752136126,484176846113116647047949338655,0,37346410524219.984,36204
mypool,34498051,0xc27ef916854f0f453be0ce296c53c97e629986e562b34b9ca7f3c3f0d2891513,1667319305,5,0xc27ef916854f0f453be0ce296c53c97e629986e562b34b9ca7f3c3f0d2891513,sender,recipient,-0.044764441603347055,1.6886846974438492,484178768426166788962846744933,0,37346707075512.836,36204
mypool,34498453,0x92c73f96d1125d1e3572bd135a06482cb94104f83a40fc845c8464709d1550b7,1667319420,5,0x92c73f96d1125d1e3572bd135a06482cb94104f83a40fc845c8464709d1550b7,sender,recipient,-0.05175625056912362,1.9524589921794666,484180991006501776761376828880,0,37347049949891.69,36204
mypool,34499738,0x399a3b42badba8b2ecfbe21f1e07f5bf0282e01a71d78903ab88629e860e4fc5,1667319781,8,0x399a3b42badba8b2ecfbe21f1e07f5bf0282e01a71d78903ab88629e860e4fc5,sender,recipient,-0.003976216269528763,0.15,484181161758897388420627236435,0,37347076291691.516,36204
mypool,34591305,0x43d284ad5ec6b7ad25e544c35e6bb878090ac0fd0e25b976ff0f3d8f15b1fde6,1667352462,3,0x43d284ad5ec6b7ad25e544c35e6bb878090ac0fd0e25b976ff0f3d8f15b1fde6,sender,recipient,-2.557019038763073,96.48355198525886,484290328032476242207006943837,0,37363919164097.4,36208
mypool,34592025,0x4d949280f9dc2a85d1e8b4101646cd7299263a676951c7c09d4e6a8d950c77b9,1667352774,3,0x4d949280f9dc2a85d1e8b4101646cd7299263a676951c7c09d4e6a8d950c77b9,sender,recipient,-0.010598450023151155,0.4,484290780612304959676496991752,0,37363988998917.79,36208
mypool,34592893,0xa875defd9709a3099a70829d5484eba473e54cca6a6cd8654576d9924890c647,1667353137,7,0xa875defd9709a3099a70829d5484eba473e54cca6a6cd8654576d9924890c647,sender,recipient,-3.973022717301877,150.0,484460498048074010735264960162,0,37390181657543.24,36215
mypool,34596586,0xaa2fd926c847a948b19ed09fc3c9a84b8c6be91d52e3f6ac7bcc968e29e9a229,1667354734,27,0xaa2fd926c847a948b19ed09fc3c9a84b8c6be91d52e3f6ac7bcc968e29e9a229,sender,recipient,-0.045872151030252294,1.7325,484462458284457143274993730197,0,37390484236362.5,36215
mypool,34597231,0xde5fab924ee479f8137e560acfcec47346e7b608ba835d9b2b326210b4812992,1667355004,24,0xde5fab924ee479f8137e560acfcec47346e7b608ba835d9b2b326210b4812992,sender,recipient,-1.3607711492700605,51.4,484520614792447338104464887372,0,37399461734929.086,36218
mypool,34598882,0x626fa954d708f15650caafa805b8818480b8a9a16ae0013900ab8e17d5feb836,1667355666,3,0x626fa954d708f15650caafa805b8818480b8a9a16ae0013900ab8e17d5feb836,sender,recipient,-2.6464790054352005,100.0,484633743502834267160497267503,0,37416928264442.5,36223
mypool,34599121,0xf6458e07d7dd91733a5fc08cc85d09a8d7be6d50772036ca159128f267eb35a2,1667355763,10,0xf6458e07d7dd91733a5fc08cc85d09a8d7be6d50772036ca159128f267eb35a2,sender,recipient,-0.44170931904500177,16.695,484652630341033364966401873366,0,37419844698759.336,36223
mypool,34599462,0x17bd1c35786628d9eeeab45b010b38a0be12a80436c05f157d76f7b083fc6e94,1667355899,3,0x17bd1c35786628d9eeeab45b010b38a0be12a80436c05f157d76f7b083fc6e94,sender,recipient,-2.645037610024618,100.0,484765759051420294022434253497,0,37437315986758.24,36228
mypool,34599548,0xff709ed3b89bb7115d11cdce53880425d9f09e0a762469653ed23d5b38d33456,1667355928,10,0xff709ed3b89bb7115d11cdce53880425d9f09e0a762469653ed23d5b38d33456,sender,recipient,-2.643803364932495,100.0,484878887761807223078466633628,0,37454791352468.69,36233
mypool,34601814,0x5f88049a5b5c809eef3662265b0b93783b2caa9d3e9f110207f6fe32d9c9424a,1667356850,10,0x5f88049a5b5c809eef3662265b0b93783b2caa9d3e9f110207f6fe32d9c9424a,sender,recipient,-0.944992511534275,35.755,484919336932206069562451011144,0,37461040659122.74,36234
mypool,34602390,0x0fbba334e299f08279e48a0c6e9127634a16ad656e0d6766be18404900846b3f,1667357084,3,0x0fbba334e299f08279e48a0c6e9127634a16ad656e0d6766be18404900846b3f,sender,recipient,-0.048337070499481403,1.829055242381404,484921406118814040164287181814,0,37461360357856.65,36234
mypool,34602893,0x762212b725bd97f88645f735f1b77a78b392b94ed38e92d62c03a1619dae19b2,1667357291,3,0x762212b725bd97f88645f735f1b77a78b392b94ed38e92d62c03a1619dae19b2,sender,recipient,-2.335050999022451,88.376,485021485024319031960113211170,0,37476824632141.19,36239
mypool,34603487,0x19e8165a8abb08e2f844697f9aae0a093f96c2339fa78eb40cacd272a428f663,1667357524,3,0x19e8165a8abb08e2f844697f9aae0a093f96c2339fa78eb40cacd272a428f663,sender,recipient,-2.641015933918303,100.0,485134727200367949987435141735,0,37494326754173.13,36243
mypool,34604613,0x2bbc14044e3a32c3fcce28d7f23231242227f34e7fef6aeca3dc576a295cd25f,1667357956,3,0x2bbc14044e3a32c3fcce28d7f23231242227f34e7fef6aeca3dc576a295cd25f,sender,recipient,-0.02698353666357104,1.0219514687975646,485135884480449380229220282685,0,37494505638457.61,36243
mypool,34605203,0x46bdd7472a2c22a3e4ace5fe90cbe47c20bffcfe945115d63f5259e66cab9f77,1667358183,3,0x46bdd7472a2c22a3e4ace5fe90cbe47c20bffcfe945115d63f5259e66cab9f77,sender,recipient,-0.20904450163845245,7.917338484182478,485144850246834026889056041595,0,37495891518559.89,36244
mypool,34605481,0x1bed461f0289c78599267c6e81ce24b72f01ff6a764fefdc2ace099d866fc901,1667358288,14,0x1bed461f0289c78599267c6e81ce24b72f01ff6a764fefdc2ace099d866fc901,sender,recipient,-0.5746861856800576,21.767137091121473,485169499826539564002255910095,0,37499701850448.69,36245
mypool,34605698,0xe36464c7aea38472cafe207c1ec2dbf98cb6276f993f245251cc53c5288ccc02,1667358371,16,0xe36464c7aea38472cafe207c1ec2dbf98cb6276f993f245251cc53c5288ccc02,sender,recipient,-1.3152375023250817,49.825,485225922740755937409369061999,0,37508424432938.44,36247
mypool,34606375,0x8f899ca71b455b936449c027478c28446eed08ff82aea9704e8001fbdaedc59e,1667358654,10,0x8f899ca71b455b936449c027478c28446eed08ff82aea9704e8001fbdaedc59e,sender,recipient,-2.2571662431964716,85.535,485322784436039379444038875308,0,37523400929591.72,36251
mypool,34609018,0x823b7fbb46f053f6c17871e8c6467d159b306d141024d9728b16c1098ef80be5,1667359690,10,0x823b7fbb46f053f6c17871e8c6467d159b306d141024d9728b16c1098ef80be5,sender,recipient,-1.660494174446347,62.946,485394065856175131385516937721,0,37534424181811.516,36254
mypool,34610417,0x922d51fc9e170d760c0dfdc95f496909effb1d8c353a597e5ca66e80257b7891,1667360247,10,0x922d51fc9e170d760c0dfdc95f496909effb1d8c353a597e5ca66e80257b7891,sender,recipient,-1.2217526915049146,46.326,485446526426651553150854095274,0,37542537934536.875,36256
mypool,34610693,0x0f91560e1ad99202e298b62360dce7272ddeb1cceeb26b0efbf7797b1fa2a1f9,1667360364,10,0x0f91560e1ad99202e298b62360dce7272ddeb1cceeb26b0efbf7797b1fa2a1f9,sender,recipient,-3.916499218089742,148.572,485614772592450951642406833953,0,37568565446468.875,36263
mypool,34618617,0x57c46cc07968ea9d3be0644ab674270c23ff934ca6661518028481a9618aefbe,1667363590,17,0x57c46cc07968ea9d3be0644ab674270c23ff934ca6661518028481a9618aefbe,sender,recipient,-0.9485858927828985,36.0,485655500139471346448678781841,0,37574867312739.29,36265
mypool,34620204,0xea196d1e176afc6dcb596d7187f782127a37582c45df04dc80a2872ee40126bf,1667364258,9,0xea196d1e176afc6dcb596d7187f782127a37582c45df04dc80a2872ee40126bf,sender,recipient,-7.156691630707501,271.8,485962993119475327236031988397,0,37622463461171.12,36277
mypool,34621580,0xac4fb5411224bbe6ead1974451f3b9c7c822e8c2ba1d4f7caa35f50a576196ce,1667364860,3,0xac4fb5411224bbe6ead1974451f3b9c7c822e8c2ba1d4f7caa35f50a576196ce,sender,recipient,2.6848348554283e-05,-0.001,485962991976727094340554820272,0,37622463284231.7,36277
mypool,34622082,0xdb885b8e7aa5063a295e777c9e0f25e9cc7d9d24b7be0c7c37d8c7b2b8cd3914,1667365090,6,0xdb885b8e7aa5063a295e777c9e0f25e9cc7d9d24b7be0c7c37d8c7b2b8cd3914,sender,recipient,-0.03241165694986766,1.2317271415899838,485964385455201411078069671313,0,37622679046208.516,36277
mypool,34622449,0xcae990508c03c90c4e0d1a238feb52ccbde515803cdb741f154dc12ed6387b9d,1667365265,8,0xcae990508c03c90c4e0d1a238feb52ccbde515803cdb741f154dc12ed6387b9d,sender,recipient,-0.002246050131222854,0.085356,485964482020215396434155342101,0,37622693998065.06,36277
mypool,34622463,0xdfeee2dca380c00612eb1e90635b48d5eddcf93dd5bce511d4fa0f6026418a3a,1667365270,4,0xdfeee2dca380c00612eb1e90635b48d5eddcf93dd5bce511d4fa0f6026418a3a,sender,recipient,-2.6307780687410385,100.0,486077614095272048673799641790,0,37640213092706.47,36282
mypool,34622641,0x2b06573629203efe374d97471ea38da262b59b0df207eb7c988e9d12e0dccf57,1667365341,3,0x2b06573629203efe374d97471ea38da262b59b0df207eb7c988e9d12e0dccf57,sender,recipient,-0.00263016515646256,0.1,486077727227347105326039286089,0,37640230613842.125,36282
mypool,34622767,0xeb2ab5dfa2df09e60897ac5cadd0296aa15716ebb9699e772cad88507467552a,1667365394,41,0xeb2ab5dfa2df09e60897ac5cadd0296aa15716ebb9699e772cad88507467552a,sender,recipient,-0.78164790020183,29.720648886287613,486111350814152464304908048575,0,37645438189764.06,36283
mypool,34622785,0xdf5f0b6ba97fa30a3454cc17aa7a9e337aa4818f3d554f48565727e1deb8125d,1667365399,21,0xdf5f0b6ba97fa30a3454cc17aa7a9e337aa4818f3d554f48565727e1deb8125d,sender,recipient,-0.002629800095852783,0.1,486111463946227520957147692874,0,37645455712115.79,36283
mypool,34622801,0xeb9869de9e7d276b73be3f8b1d67e33ce6dba8d23a2b54cc3dab1c5a30070a0c,1667365403,7,0xeb9869de9e7d276b73be3f8b1d67e33ce6dba8d23a2b54cc3dab1c5a30070a0c,sender,recipient,-0.5259354167144471,20.0,486134090361238851405076552811,0,37648960264428.63,36284
mypool,34623814,0x29f3c0837f1bf059e1c2c0e8f081233f89c8b45fabf09d1a16c00f74e731a3be,1667365825,18,0x29f3c0837f1bf059e1c2c0e8f081233f89c8b45fabf09d1a16c00f74e731a3be,sender,recipient,-0.19773143846615793,7.519710448856758,486142597565707894953182047175,0,37650277967555.55,36285
mypool,34624336,0xb5c267147b1d9f13e70bb9edbeda7a6dc981bd1af656c2f4dcc92f65d4c81c9f,1667366056,10,0xb5c267147b1d9f13e70bb9edbeda7a6dc981bd1af656c2f4dcc92f65d4c81c9f,sender,recipient,-1.8140379497977386,69.0,486220658697496984998536613960,0,37662370136759.39,36288
mypool,34624499,0x424e0166502257ed2671752e4afc1fbcd4e017f24909863d71183392173a8594,1667366122,2,0x424e0166502257ed2671752e4afc1fbcd4e017f24909863d71183392173a8594,sender,recipient,-3.139848141027887,119.48181637953473,486355830955682531650191165100,0,37683313776978.484,36293
mypool,34624504,0x1cd2c112fc03f4c12fbe3b52c5ef77b78343daf04dc14ffa25d6e1884bf593fd,1667366123,2,0x1cd2c112fc03f4c12fbe3b52c5ef77b78343daf04dc14ffa25d6e1884bf593fd,sender,recipient,-3.138103317954989,119.48181637953473,486491003213868078301845716240,0,37704263238845.9,36299
mypool,34624680,0xa0e28385de1766ab4693084c59de49684aad09d1281cc7162a2eae550d9bb02e,1667366214,4,0xa0e28385de1766ab4693084c59de49684aad09d1281cc7162a2eae550d9bb02e,sender,recipient,-0.02509292281142585,0.9556689593240788,486492084381992433946093417623,0,37704430825471.73,36299
mypool,34625050,0x191593f5aa53a4462995b389f6b548e696516f119de17a9eb0d5806b75d15ecd,1667366352,3,0x191593f5aa53a4462995b389f6b548e696516f119de17a9eb0d5806b75d15ecd,sender,recipient,-0.03342286708097379,1.2729231415980369,486493524466356400132731474874,0,37704654046541.055,36299
mypool,34627234,0xc6cf10d492c1feb78fe4b3c63c34c4cd50151bdfe5ee0d560d96fd372f6672ce,1667367266,16,0xc6cf10d492c1feb78fe4b3c63c34c4cd50151bdfe5ee0d560d96fd372f6672ce,sender,recipient,-0.16245177976061473,6.187147761688842,486500524115006019932368372724,0,37705739040343.19,36299
mypool,34628512,0xa591e88ecd0307a579c523fbad62b31637009638b94387a9160b9a6b83d2d9d7,1667367786,5,0xa591e88ecd0307a579c523fbad62b31637009638b94387a9160b9a6b83d2d9d7,sender,recipient,-0.037808441434028624,1.44,486502153216886835724619250639,0,37705991564606.54,36300
mypool,34628845,0x9a8fb19cf794449b92c1c34f98032e30430bf3a557c8e1ad26c7cb246222d5f0,1667367928,3,0x9a8fb19cf794449b92c1c34f98032e30430bf3a557c8e1ad26c7cb246222d5f0,sender,recipient,2.678887281728e-05,-0.001,486502152074138602829142082514,0,37705991387470.81,36300
mypool,34629457,0x75ac17a1d9c078a80cec1e0067162365d415ecd03d54c8465687f3753b44829a,1667368177,3,0x75ac17a1d9c078a80cec1e0067162365d415ecd03d54c8465687f3753b44829a,sender,recipient,-0.2625516376764329,10.0,486513465281644268053106512482,0,37707745051510.27,36300
mypool,34630928,0xc86c60fac5387a75f463b170d65a37e7f04bfa20199923cd7c948b8951469e6a,1667368777,3,0xc86c60fac5387a75f463b170d65a37e7f04bfa20199923cd7c948b8951469e6a,sender,recipient,-0.0525088622747883,2.0,486515727923145401097899398475,0,37708095789211.71,36300
mypool,34632542,0xa02e76030131bd7f7a2315c84862943901d48b71bad1b1c2acb83fba32eb5438,1667369410,3,0xa02e76030131bd7f7a2315c84862943901d48b71bad1b1c2acb83fba32eb5438,sender,recipient,-0.010501713846227723,0.4,486516180451445627706857975673,0,37708165936947.74,36300
mypool,34633006,0x3103d0efe2411910b28736a3d9c3558aca814e2321b38de99433a1e343accfb7,1667369594,3,0x3103d0efe2411910b28736a3d9c3558aca814e2321b38de99433a1e343accfb7,sender,recipient,-0.005250849597066911,0.2,486516406715595741011337264272,0,37708201010840.23,36300
mypool,34633122,0xa0ea6b8c74f6766f8fc875d227719fc0e13334a1edf3636ce8218f6626090788,1667369641,3,0xa0ea6b8c74f6766f8fc875d227719fc0e13334a1edf3636ce8218f6626090788,sender,recipient,-0.09429038775469867,3.591465240874278,486520469814747680475927481952,0,37708830846945.25,36300
mypool,34633185,0xabc9d8570808ec2e78273b07ba312f47d2af757ebd3902547f1d03fb3d83674b,1667369669,3,0xabc9d8570808ec2e78273b07ba312f47d2af757ebd3902547f1d03fb3d83674b,sender,recipient,-0.005250757010224461,0.2,486520696078897793780406770551,0,37708865921146.96,36300
mypool,34633322,0xb4a5b0fb05aae87a957a7c0dc4f9e6607269500d77acf069bd25fdc25e7f8cc2,1667369704,3,0xb4a5b0fb05aae87a957a7c0dc4f9e6607269500d77acf069bd25fdc25e7f8cc2,sender,recipient,-0.005250752126331424,0.2,486520922343047907084886059150,0,37708900995364.98,36300
mypool,34633419,0x2660ad47810d70442090f7aa0988697e0fc93f1d57863418a9fa123795d98884,1667369749,3,0x2660ad47810d70442090f7aa0988697e0fc93f1d57863418a9fa123795d98884,sender,recipient,-0.005250747242445202,0.2,486521148607198020389365347749,0,37708936069599.31,36300
mypool,34633699,0x8f6ba9729e2f74c52a32cefb42ab5cda8a8cf4dcf592dd78b3b2b66368664f94,1667369864,3,0x8f6ba9729e2f74c52a32cefb42ab5cda8a8cf4dcf592dd78b3b2b66368664f94,sender,recipient,-0.005250742358565793,0.2,486521374871348133693844636348,0,37708971143849.96,36300
mypool,34633977,0x0bdd9112e65a685916633b29f5ca8ea4eab1c04912696953ebcb3cf5e4dbc81c,1667369979,2,0x0bdd9112e65a685916633b29f5ca8ea4eab1c04912696953ebcb3cf5e4dbc81c,sender,recipient,-3.158581645247742,120.34363107273427,486657522118379240095003716171,0,37730078915123.92,36306
mypool,34634754,0xe872299161bbd0eb7e1d61a2592b4106114fce69992aebc5daa8fb5849dbcbcc,1667370290,3,0xe872299161bbd0eb7e1d61a2592b4106114fce69992aebc5daa8fb5849dbcbcc,sender,recipient,-0.007346918626692839,0.28,486657838888189398721274720210,0,37730128032843.39,36306
mypool,34634876,0xd06c7a85c883422e8f2721243ecdfe5473ff893d250dc51d8011506a58e6913c,1667370340,2,0xd06c7a85c883422e8f2721243ecdfe5473ff893d250dc51d8011506a58e6913c,sender,recipient,-3.1618999213517234,120.53769464632987,486794205683368242918183275705,0,37751275776049.49,36312
mypool,34634881,0x8d52f888c82cf9c0aaa122d2a2545ccbeda5a46310ab121889ea3f430d2c8389,1667370341,2,0x8d52f888c82cf9c0aaa122d2a2545ccbeda5a46310ab121889ea3f430d2c8389,sender,recipient,-3.160128916681566,120.53769464632987,486930572478547087115091831200,0,37772429444252.06,36317
mypool,34639698,0x5cc41e39558c918ba2f1345b99b7ccb7be336e026b28aff5c90cee5610788da1,1667372179,18,0x5cc41e39558c918ba2f1345b99b7ccb7be336e026b28aff5c90cee5610788da1,sender,recipient,-13.089590476268175,500.0,487496232853830348313313329648,0,37860239815284.14,36340
mypool,34639989,0x1189ee671af44b126dcb864d629f8e35959047ae589209e30b1b8bb5edb3a96e,1667372287,3,0x1189ee671af44b126dcb864d629f8e35959047ae589209e30b1b8bb5edb3a96e,sender,recipient,-0.007321660434032233,0.28,487496549623640506939584333687,0,37860289017653.586,36340
mypool,34640271,0xdbbb92052adea1990f429a2350fae44399f0491c3d726f4804d0c91ca8c3f45c,1667372390,3,0xdbbb92052adea1990f429a2350fae44399f0491c3d726f4804d0c91ca8c3f45c,sender,recipient,-0.007321650918972155,0.28,487496866393450665565855337726,0,37860338220054.99,36340
mypool,34640447,0x18e0d365bc8a2243f5bbb1276c4e18a31719506161b1f6e5e017093d41d410a7,1667372437,32,0x18e0d365bc8a2243f5bbb1276c4e18a31719506161b1f6e5e017093d41d410a7,sender,recipient,-0.007321641403930626,0.28,487497183163260824192126341765,0,37860387422488.38,36340
mypool,34640755,0x190dac712b31ff9b08475299f061a5e0beed877934faf07688877d7f6250020c,1667372561,3,0x190dac712b31ff9b08475299f061a5e0beed877934faf07688877d7f6250020c,sender,recipient,-0.007321631888907644,0.28,487497499933070982818397345804,0,37860436624953.734,36340
mypool,34640893,0xdfcab3659cdd4e99ff87f7f6a46ba8e2399dfde0e26b83cb317a03a6ca25014d,1667372613,3,0xdfcab3659cdd4e99ff87f7f6a46ba8e2399dfde0e26b83cb317a03a6ca25014d,sender,recipient,-0.007321622373903211,0.28,487497816702881141444668349843,0,37860485827451.06,36340
mypool,34641264,0x4270be6c433a35a852a5886656ffd911a88c309d6c699a4040fa45fa3c5bc509,1667372748,9,0x4270be6c433a35a852a5886656ffd911a88c309d6c699a4040fa45fa3c5bc509,sender,recipient,-0.007321612858917327,0.28,487498133472691300070939353882,0,37860535029980.36,36340
mypool,34641459,0x27cff1aa1ecfc5fbcfc9b6ea00e84aca48f3135108170a687a56cf5c4622e2b1,1667372802,7,0x27cff1aa1ecfc5fbcfc9b6ea00e84aca48f3135108170a687a56cf5c4622e2b1,sender,recipient,-0.00732160334394999,0.28,487498450242501458697210357921,0,37860584232541.63,36340
mypool,34641882,0x5a95e8400076ed96d51e8d5325e49c13f60e897bfe95b84fad9acf6d88986ac2,1667372959,8,0x5a95e8400076ed96d51e8d5325e49c13f60e897bfe95b84fad9acf6d88986ac2,sender,recipient,-0.007321593829001201,0.28,487498767012311617323481361960,0,37860633435134.87,36340
mypool,34642222,0xc52de51ad33abac2ad32901753a937c8a0b945a736a036af756227f896cc8605,1667373083,3,0xc52de51ad33abac2ad32901753a937c8a0b945a736a036af756227f896cc8605,sender,recipient,-0.007321584314070961,0.28,487499083782121775949752365999,0,37860682637760.086,36340
mypool,34642609,0x2306716f98ada0cf817aa015f7748f72273d5e28bac7f4b4fe7922ec569c3e08,1667373196,4,0x2306716f98ada0cf817aa015f7748f72273d5e28bac7f4b4fe7922ec569c3e08,sender,recipient,-0.007321574799159268,0.28,487499400551931934576023370038,0,37860731840417.266,36340
mypool,34642794,0x17f13c417bac7325efca70f2b5dd0051b8ac206bd9f7f2e1e23f081cf9e9949e,1667373268,3,0x17f13c417bac7325efca70f2b5dd0051b8ac206bd9f7f2e1e23f081cf9e9949e,sender,recipient,-0.007321565284266123,0.28,487499717321742093202294374077,0,37860781043106.42,36340
mypool,34643001,0x85cda83d0bfc40e4b6b2596447ba8e3f8123b54f634dc5f87e9699859940c937,1667373345,3,0x85cda83d0bfc40e4b6b2596447ba8e3f8123b54f634dc5f87e9699859940c937,sender,recipient,-0.007321555769391527,0.28,487500034091552251828565378116,0,37860830245827.55,36340
mypool,34643140,0x88e55be9ce5306cd6886063d72865deba621c216951ae45df994b5666f31ac0a,1667373389,9,0x88e55be9ce5306cd6886063d72865deba621c216951ae45df994b5666f31ac0a,sender,recipient,-0.007321546254535478,0.28,487500350861362410454836382155,0,37860879448580.64,36341
mypool,34643852,0xf5582704395828521933ca0e0c7aa882aefdc5f2ece36e10262e14db3bd21441,1667373598,35,0xf5582704395828521933ca0e0c7aa882aefdc5f2ece36e10262e14db3bd21441,sender,recipient,0.001984869116184629,-0.07439738845127271,487500265843878225724566286356,0,37860866243107.32,36340
mypool,34693755,0x3424dd9d098e80a6206a616b16da00af54ec1d93af948c00c883cbb6edfde13b,1667390885,10,0x3424dd9d098e80a6206a616b16da00af54ec1d93af948c00c883cbb6edfde13b,sender,recipient,-2.538725203028416,97.11110779466188,487610129658477477890604865078,0,37877932932834.734,36345
mypool,34742569,0x0b2d6ed437896661a4ba9076fef4d3c7552ebe8223c436529e0bca34ff8a6295,1667406117,3,0x0b2d6ed437896661a4ba9076fef4d3c7552ebe8223c436529e0bca34ff8a6295,sender,recipient,2.6667268624974e-05,-0.001,487610128510717209727884777858,0,37877932754516.92,36345
mypool,34742656,0xf96f7de8019a2ff9948c7694e2b6babfb8a28ad763625207e3b8ee0c2d04bfba,1667406143,34,0xf96f7de8019a2ff9948c7694e2b6babfb8a28ad763625207e3b8ee0c2d04bfba,sender,recipient,0.12900448153060248,-4.83750376160998,487604576216102546090130234691,0,37877070146329.02,36345
mypool,34743397,0x7eaf35e5ac06b1585d477a58a359259762467694e1aba5c0089eefae500e01e4,1667406362,3,0x7eaf35e5ac06b1585d477a58a359259762467694e1aba5c0089eefae500e01e4,sender,recipient,0.004000182813163448,-0.15,487604404052062321682117151712,0,37877043398966.12,36345
mypool,34743653,0xf76611aa770aefdc1558da1a203d91288c308c6fe4b6114e11a3890ae5e184a6,1667406443,3,0xf76611aa770aefdc1558da1a203d91288c308c6fe4b6114e11a3890ae5e184a6,sender,recipient,2.6667894899797e-05,-0.001,487604402904302053519397064492,0,37877043220650.4,36345
mypool,34743794,0xe25f61b7231f86cf57e1785d4945f7aa4cc7397df56252b5d2f6c34208757c83,1667406486,3,0xe25f61b7231f86cf57e1785d4945f7aa4cc7397df56252b5d2f6c34208757c83,sender,recipient,0.9,-33.745764757736154,487565670856294358199984616727,0,37871026059274.85,36343
mypool,34743985,0xba08d0f90878778d90105ec648e905843dde09d3d2036f911cd6a36bbc059e64,1667406544,4,0xba08d0f90878778d90105ec648e905843dde09d3d2036f911cd6a36bbc059e64,sender,recipient,2.6672132170328e-05,-0.001,487565669708534090037264529507,0,37871025880973.29,36343
mypool,34744745,0xdf7621b01ec78649d0c9e898ebd180e3d0cb93e551fb6b89cad16172968c6477,1667406773,13,0xdf7621b01ec78649d0c9e898ebd180e3d0cb93e551fb6b89cad16172968c6477,sender,recipient,1.7857073858438577,-66.93975486336846,487488838917541363507766795577,0,37859091358909.32,36340
mypool,34745273,0x951c06b15ac7965e3dce03aad23ae2bd32ffeb19e7ba4e896dffcc09a6abb2f3,1667406940,7,0x951c06b15ac7965e3dce03aad23ae2bd32ffeb19e7ba4e896dffcc09a6abb2f3,sender,recipient,5.3361080712771e-05,-0.002,487488836622020827182326621137,0,37859091002362.41,36340
mypool,34745341,0x19cdb1b1c93ab9ed7b4588856f4d36ab40c85ca1c241ad4b2a0cee8105f611c2,1667406955,3,0x19cdb1b1c93ab9ed7b4588856f4d36ab40c85ca1c241ad4b2a0cee8105f611c2,sender,recipient,2.6680540544839e-05,-0.001,487488835474260559019606533917,0,37859090824088.945,36340
mypool,34745406,0xd36eb3bd4b019b387db9ac0dcaf985bdf26fc7e70bf5ed8710369f1b9845b58c,1667406974,3,0xd36eb3bd4b019b387db9ac0dcaf985bdf26fc7e70bf5ed8710369f1b9845b58c,sender,recipient,2.6680540670474e-05,-0.001,487488834326500290856886446697,0,37859090645815.484,36340
mypool,34745417,0x5381e81cd2a678f9fa049688eb035bd274644a0125e70b21c487d29886c0847e,1667406978,3,0x5381e81cd2a678f9fa049688eb035bd274644a0125e70b21c487d29886c0847e,sender,recipient,2.6680540796109e-05,-0.001,487488833178740022694166359477,0,37859090467542.03,36340
mypool,34745636,0x199f7993a7e4cd1532fb9f93918da144e42730084f363d61a12ca6512ec262e8,1667407048,3,0x199f7993a7e4cd1532fb9f93918da144e42730084f363d61a12ca6512ec262e8,sender,recipient,2.6680540921744e-05,-0.001,487488832030979754531446272257,0,37859090289268.57,36340
mypool,34745854,0xf97c0769e151cf81448601ffa56f2f23582b3f3d842dcc861abb8425fcd0f6bf,1667407115,3,0xf97c0769e151cf81448601ffa56f2f23582b3f3d842dcc861abb8425fcd0f6bf,sender,recipient,2.6680541047379e-05,-0.001,487488830883219486368726185037,0,37859090110995.12,36340
mypool,34746130,0xc5f799d49bb1e3a0ee0390dca27854f81e9583ffe2066f585aadf65e6ec707cf,1667407197,14,0xc5f799d49bb1e3a0ee0390dca27854f81e9583ffe2066f585aadf65e6ec707cf,sender,recipient,0.013340286259509504,-0.5,487488257003085405008682575110,0,37859000974319.38,36340
mypool,34746490,0xb4952f28b2ef5aeff6781f7c3aad18a3452074f3735c838a45fb30d9374ac38b,1667407314,3,0xb4952f28b2ef5aeff6781f7c3aad18a3452074f3735c838a45fb30d9374ac38b,sender,recipient,2.6680603990698e-05,-0.001,487488255855325136845962487890,0,37859000796046.14,36340
mypool,34746698,0x9abe7c796cca6badb1c8aa06324fc82ceccfbc704fc591f6a50c534f2b321cf3,1667407380,3,0x9abe7c796cca6badb1c8aa06324fc82ceccfbc704fc591f6a50c534f2b321cf3,sender,recipient,2.6680604116334e-05,-0.001,487488254707564868683242400670,0,37859000617772.89,36340
mypool,34746752,0xdb5a5d3c7e206dca4d4743a1471905347e54a4ed92c90c8c3b36b14231467fd6,1667407397,3,0xdb5a5d3c7e206dca4d4743a1471905347e54a4ed92c90c8c3b36b14231467fd6,sender,recipient,2.6680604241969e-05,-0.001,487488253559804600520522313450,0,37859000439499.65,36340
mypool,34747205,0x0e4befa814a919a394f2c5e565607d7a49044ef927e9982dffd16a309e2feaee,1667407537,3,0x0e4befa814a919a394f2c5e565607d7a49044ef927e9982dffd16a309e2feaee,sender,recipient,2.9348664811275e-05,-0.0011,487488252297268305541530217508,0,37859000243399.08,36340
mypool,34747610,0x20dd5093f41741bfd8c13913875e48165b83728189477920593a9e50b9c334e4,1667407671,3,0x20dd5093f41741bfd8c13913875e48165b83728189477920593a9e50b9c334e4,sender,recipient,2.6680604505804e-05,-0.001,487488251149508037378810130288,0,37859000065125.836,36340
mypool,34747996,0xbd24d6a4942d6f524374cc12988473d9d57459de8346bfd27820aee245ee6c17,1667407792,46,0xbd24d6a4942d6f524374cc12988473d9d57459de8346bfd27820aee245ee6c17,sender,recipient,2.668060463144e-05,-0.001,487488250001747769216090043068,0,37858999886852.586,36340
mypool,34748198,0x3ef1d1a8f2de3b4838e21a1db30b88ce43bfd37831c79769793bc04c54b321fc,1667407853,3,0x3ef1d1a8f2de3b4838e21a1db30b88ce43bfd37831c79769793bc04c54b321fc,sender,recipient,2.6680604757075e-05,-0.001,487488248853987501053369955848,0,37858999708579.34,36340
mypool,34748218,0x69c9aa432d0c0540ddbe1c06e2c1f74709ce4c59444133ec85adf7a8f4412fbd,1667407858,3,0x69c9aa432d0c0540ddbe1c06e2c1f74709ce4c59444133ec85adf7a8f4412fbd,sender,recipient,2.6680604882711e-05,-0.001,487488247706227232890649868628,0,37858999530306.1,36340
mypool,34748449,0xfe31f480851adb6b0f13cac61508a3178bed3867be93ee4abd388c07059f64b4,1667407931,3,0xfe31f480851adb6b0f13cac61508a3178bed3867be93ee4abd388c07059f64b4,sender,recipient,2.6680605008346e-05,-0.001,487488246558466964727929781408,0,37858999352032.86,36340
mypool,34748724,0xc5af70a442c063611c9e7ecc8ded14bdf479dfad00c3ba30d880dd9616aae3ca,1667408020,3,0xc5af70a442c063611c9e7ecc8ded14bdf479dfad00c3ba30d880dd9616aae3ca,sender,recipient,0.02668066788910952,-1.0,487487098798198802007842561554,0,37858821079000.016,36340
mypool,34748797,0x1bd1f270aa795ae3c745cc94cbbd87c46ac1852c141b70ce79ebc9d477b43f14,1667408044,3,0x1bd1f270aa795ae3c745cc94cbbd87c46ac1852c141b70ce79ebc9d477b43f14,sender,recipient,2.6680730770023e-05,-0.001,487487097650438533845122474334,0,37858820900727.195,36340
mypool,34748870,0xbbd706deab69f134b8a69e2296c00425f70076d8850a7e9a2cb71ed07bee6024,1667408068,3,0xbbd706deab69f134b8a69e2296c00425f70076d8850a7e9a2cb71ed07bee6024,sender,recipient,0.000266807314610228,-0.01,487487086172835852217921602135,0,37858819117998.984,36340
mypool,34749134,0xc03fd415766d2bf65acdb06e919d8d0189ea7d8061e8e6432b22aa4b4d060a11,1667408151,3,0xc03fd415766d2bf65acdb06e919d8d0189ea7d8061e8e6432b22aa4b4d060a11,sender,recipient,2.6680732152025e-05,-0.001,487487085025075584055201514915,0,37858818939726.17,36340
mypool,34749514,0x4c6bb25250b552f215161a80a69858384aac8373ce089c2b1d0912f99f6708f8,1667408271,3,0x4c6bb25250b552f215161a80a69858384aac8373ce089c2b1d0912f99f6708f8,sender,recipient,2.6680732277661e-05,-0.001,487487083877315315892481427695,0,37858818761453.35,36340
mypool,34749663,0x874cfa35eceeaf57efb80eb84c33f6b6c453f40458671cc85512dd3eb1c3584f,1667408312,3,0x874cfa35eceeaf57efb80eb84c33f6b6c453f40458671cc85512dd3eb1c3584f,sender,recipient,0.000266807329686608,-0.01,487487072399712634265280555496,0,37858816978725.195,36340
mypool,34749894,0xe25c48717bb47d63479bcb8e1397bb3f55cc7096013f86209738ad60be3ab13d,1667408384,3,0xe25c48717bb47d63479bcb8e1397bb3f55cc7096013f86209738ad60be3ab13d,sender,recipient,0.00266807398786699,-0.1,487486957623685817993271833510,0,37858799151445.96,36340
mypool,34749947,0x1cf2ebd2dab763d94b0f193e06f1b01ea2b4341d56b14010d1aa40e5672a509d,1667408400,3,0x1cf2ebd2dab763d94b0f193e06f1b01ea2b4341d56b14010d1aa40e5672a509d,sender,recipient,9.99e-05,-0.003744273061868852,487486953326157964428228387904,0,37858798483944.03,36340
mypool,34752824,0x5ac1d60bb07650cfcae220562237170818375e0fdddc5d18c206a5962ef81468,1667409318,2,0x5ac1d60bb07650cfcae220562237170818375e0fdddc5d18c206a5962ef81468,sender,recipient,0.010133099161583616,-0.37979034997761374,487486517417884028508971704745,0,37858730777696.68,36340
mypool,34760044,0x7d5b9fe8e93a74ee79cce84b17e422c6a21ee6e78f13fed7a666eea56863cf33,1667411810,25,0x7d5b9fe8e93a74ee79cce84b17e422c6a21ee6e78f13fed7a666eea56863cf33,sender,recipient,0.8356087826494646,-31.31642783988337,487450573666268625499418172917,0,37853148122178.28,36338
mypool,34760126,0xd5d9eea4a411897d9b61f306d4d24f288ce074d61cb1c62a5358778e3ff6a497,1667411831,9,0xd5d9eea4a411897d9b61f306d4d24f288ce074d61cb1c62a5358778e3ff6a497,sender,recipient,0.44057473065193026,-16.509727306906267,487431624457227557377948271197,0,37850205164211.15,36338
mypool,34768695,0xd3a834708ce772eefab37ce128ac9273b7066ccd59f3ef45845a91904f02b4fe,1667414219,25,0xd3a834708ce772eefab37ce128ac9273b7066ccd59f3ef45845a91904f02b4fe,sender,recipient,1.5625,-58.541465165741236,487364432889470287681628345677,0,37839770718809.78,36335
mypool,34768975,0x5d0dd0f0952750a7138a26dc09efb75a985cf19d9afabaa8c4dc8999e1fe883f,1667414289,51,0x5d0dd0f0952750a7138a26dc09efb75a985cf19d9afabaa8c4dc8999e1fe883f,sender,recipient,0.619360834492392,-23.199114816012965,487319690242988822022304396010,0,37832823253404.44,36333
mypool,34768974,0xa9252e6146a492afa2c294c6a27bf9026928181a9353f46597537afbdefa52e8,1667414289,40,0xa9252e6146a492afa2c294c6a27bf9026928181a9353f46597537afbdefa52e8,sender,recipient,0.4213418225429563,-15.78345647745719,487346317265231186797408647230,0,37836957717772.68,36334
mypool,34768994,0x6930d5fad383bb6fa64383b6919ec0fb8dc89095dda3e4c26db4d1286c0a8f10,1667414294,39,0x6930d5fad383bb6fa64383b6919ec0fb8dc89095dda3e4c26db4d1286c0a8f10,sender,recipient,0.6088844045507568,-22.80423302431203,487293516450377592490994710589,0,37828759383640.414,36332
mypool,34772075,0x28d0891c580116b56444d516292a98e99ac39699ab7b4c2398ea2ed7e6821d63,1667415139,3,0x28d0891c580116b56444d516292a98e99ac39699ab7b4c2398ea2ed7e6821d63,sender,recipient,0.9394386189898281,-35.17950424760738,487253138813148527092110314587,0,37822490584285.58,36330
mypool,34772097,0x3170e359615827dbdbe071c3699eaeb8ef9e17cad3339d8add7fcfb34957d8f9,1667415145,20,0x3170e359615827dbdbe071c3699eaeb8ef9e17cad3339d8add7fcfb34957d8f9,sender,recipient,2.694770234126865,-100.87971489315103,487137353084530585313182085493,0,37804517239608.56,36326
mypool,34772155,0xec8a801cf13fc69ad03f582efc021da377ee036badedec9dd79fda7e8f28b74c,1667415160,5,0xec8a801cf13fc69ad03f582efc021da377ee036badedec9dd79fda7e8f28b74c,sender,recipient,0.9636377891752427,-36.06249837953874,487095961981719868271211915102,0,37798093161585.71,36324
mypool,34772270,0xa7fb9fc7f43316fa77f0560a34011e1b3f5ef56622b0966d03cb1efb71b28180,1667415190,123,0xa7fb9fc7f43316fa77f0560a34011e1b3f5ef56622b0966d03cb1efb71b28180,sender,recipient,1.330177415323086,-49.769550826564746,487038838468716832194705869845,0,37789228242027.92,36322
mypool,34772315,0x8200d62d263318953dccbabe5d2f22d6b63098e425f6d10815a7392d1729efc4,1667415201,26,0x8200d62d263318953dccbabe5d2f22d6b63098e425f6d10815a7392d1729efc4,sender,recipient,0.3,-11.223103946087432,487025957035922052801178512762,0,37787229333816.78,36321
mypool,34772323,0x31db4c6f94508ca4f7a442469eb3e5d488fe59fed74162302008c730aa2040c9,1667415203,23,0x31db4c6f94508ca4f7a442469eb3e5d488fe59fed74162302008c730aa2040c9,sender,recipient,1.5625,-58.44406956167031,486958877254969429417108802588,0,37776820917307.12,36318
mypool,34772349,0x3fd3d57da66e78900ed4adc6e71489766b94fd05c60809e36343c46e5c807b6a,1667415210,29,0x3fd3d57da66e78900ed4adc6e71489766b94fd05c60809e36343c46e5c807b6a,sender,recipient,0.3,-11.219419116825016,486946000051475272388184275445,0,37774822993453.45,36318
mypool,34772377,0xc746b3cc5a953337afda59a23ee85185dcc042a9ae6c8a8088173b66ba0f54b6,1667415217,15,0xc746b3cc5a953337afda59a23ee85185dcc042a9ae6c8a8088173b66ba0f54b6,sender,recipient,0.787348807047092,-29.44249881872742,486912207121135709236389460178,0,37769580204035.195,36316
mypool,34772403,0xde9673a3087c55dbedfd26820d2d91453dd96a40d307e5e9381077eeab104516,1667415225,62,0xde9673a3087c55dbedfd26820d2d91453dd96a40d307e5e9381077eeab104516,sender,recipient,0.4305433938907608,-16.09821791091285,486893730226229337999656174732,0,37766713768103.125,36316
mypool,34772437,0x2b421eee020b98adbedf8399750a414a693a6f567e99c46f0e555b2b22a3a03e,1667415234,7,0x2b421eee020b98adbedf8399750a414a693a6f567e99c46f0e555b2b22a3a03e,sender,recipient,0.3,-11.216417412573323,486880856467972057840174978779,0,37764716645998.91,36315
mypool,34772438,0xa52c561d5aa19f929333a42db6e5291495630b78c07824609dc5a77e6872d2e9,1667415234,30,0xa52c561d5aa19f929333a42db6e5291495630b78c07824609dc5a77e6872d2e9,sender,recipient,2.7174139483926862,-101.57181763195764,486764276371329027228631585454,0,37746633835098.69,36310
mypool,34772471,0x8bdeebdc46750b988519fe5119f07401fe5ae444c2d82314093d49317b3bbc8b,1667415243,3,0x8bdeebdc46750b988519fe5119f07401fe5ae444c2d82314093d49317b3bbc8b,sender,recipient,0.5845836628178369,-21.844279610175295,486739204375105830993315898489,0,37742745468043.086,36309
mypool,34772646,0xd12aa1277ca64bc6037a97c58e85c3c6ec95373e084775db44f50380e3ccdd46,1667415289,3,0xd12aa1277ca64bc6037a97c58e85c3c6ec95373e084775db44f50380e3ccdd46,sender,recipient,0.6,-22.418005662258846,486713473878915243403665793135,0,37738755183754.984,36308
mypool,34790529,0xe26e003a3b22891b19db35639cd7684152c3ef91bcb3a85e53e90abc492a7448,1667420762,3,0xe26e003a3b22891b19db35639cd7684152c3ef91bcb3a85e53e90abc492a7448,sender,recipient,2.6765615547327e-05,-0.001,486713472731154975240945705915,0,37738755005765.08,36308
mypool,34790638,0xf7cea04ad0ff60205031282d2679cebfdcf4a9f3132df13e5665a01fffecb73a,1667420790,6,0xf7cea04ad0ff60205031282d2679cebfdcf4a9f3132df13e5665a01fffecb73a,sender,recipient,1.32288570949295,-49.419059161955055,486656751498558900378339954591,0,37729959424425.46,36306
mypool,34791314,0xdb25300ae226027f50961a18f4a7614614ee20a42f76a25ae127296398e3e1a1,1667421019,3,0xdb25300ae226027f50961a18f4a7614614ee20a42f76a25ae127296398e3e1a1,sender,recipient,2.6771855254883e-05,-0.001,486656750350798632215619867371,0,37729959246456.3,36306
mypool,34792351,0xfdf0a9bde792afc4bbaa64b121665d671f42904f694528791307d44337a770ca,1667421344,6,0xfdf0a9bde792afc4bbaa64b121665d671f42904f694528791307d44337a770ca,sender,recipient,0.41545732198671437,-15.517868001109314,486638939558460365296227581588,0,37727197594957.33,36305
mypool,34792513,0x4955f65000cf45e93726fb757d2f20c5b0cff67ee16a7fa54e2ed1e58446a23a,1667421405,3,0x4955f65000cf45e93726fb757d2f20c5b0cff67ee16a7fa54e2ed1e58446a23a,sender,recipient,2.6773815095623e-05,-0.001,486638938410700097133507494368,0,37727197416994.67,36305
mypool,34792863,0xf01316269e668a3f40d3b028d43d672f50b0b360303169683f0a39cfacf26699,1667421532,12,0xf01316269e668a3f40d3b028d43d672f50b0b360303169683f0a39cfacf26699,sender,recipient,0.045,-1.6807399822753415,486637009324127328982197909842,0,37726898308641.56,36305
mypool,34792962,0x468d84fba390c5cd326c3e642be5e5d63bb4061b7929e0e892c585f6ca6b9a0a,1667421572,3,0x468d84fba390c5cd326c3e642be5e5d63bb4061b7929e0e892c585f6ca6b9a0a,sender,recipient,0.292671604957517,-10.930894141345092,486624463278136400433206152582,0,37724953050509.516,36305
mypool,34793188,0x84001260d406f16e2da5fd12f52aae8fce149a60b474276952ab9e431628ed0b,1667421655,6,0x84001260d406f16e2da5fd12f52aae8fce149a60b474276952ab9e431628ed0b,sender,recipient,0.08332242167886007,-3.111878260929419,486620891587909146344419128196,0,37724399270904.016,36304
mypool,34796821,0xbf2451cc9a70f345d0b2ad36c348f6ceb6183d318eae696cb0a50b209c3dc2b2,1667422934,3,0xbf2451cc9a70f345d0b2ad36c348f6ceb6183d318eae696cb0a50b209c3dc2b2,sender,recipient,2.92857849e-05,-0.001093740753282558,486620890332556966056334770093,0,37724399076266.23,36304
mypool,34796919,0xc5b58dfac648c074bdaf60703d05f5b6fc341a0b4574cf84ebe910bf81cb6f09,1667422978,5,0xc5b58dfac648c074bdaf60703d05f5b6fc341a0b4574cf84ebe910bf81cb6f09,sender,recipient,0.001,-0.037347151795658465,486620847466980005957559136389,0,37724392430114.805,36304
mypool,34797437,0x6095f78bba869bef288b5f018902fe22c77a5775fa1d57c990a03c8b8fde8870,1667423166,8,0x6095f78bba869bef288b5f018902fe22c77a5775fa1d57c990a03c8b8fde8870,sender,recipient,0.2649530355740558,-9.895009424589855,486609490368309366062694789734,0,37722631573999.68,36304
mypool,34798039,0x6174c48b3ed95191ba75235fb0ed493f5f3af5e6c63abe99b83ab889b9dffdf4,1667423379,6,0x6174c48b3ed95191ba75235fb0ed493f5f3af5e6c63abe99b83ab889b9dffdf4,sender,recipient,2.6777055850466e-05,-0.001,486609489220549097899974702514,0,37722631396047.79,36304
mypool,34798325,0xf056012599375405abbcc2b801cd6285e53e9935be27d330d6478b3097d961fa,1667423471,5,0xf056012599375405abbcc2b801cd6285e53e9935be27d330d6478b3097d961fa,sender,recipient,1.3390107111480247,-50.0,486552101207140961895613709841,0,37713734326547.56,36302
mypool,34798447,0x64ebf42db4806001ded536068a80385bcbb96ed09aec8d71d8038fefaf49846a,1667423519,3,0x64ebf42db4806001ded536068a80385bcbb96ed09aec8d71d8038fefaf49846a,sender,recipient,2.6783372967996e-05,-0.001,486552100059380693732893622621,0,37713734148616.664,36302
mypool,34798503,0x90ba3527d206eb20760772ba68f8a6b339ad845d6615595fe32c1c1084534a30,1667423538,6,0x90ba3527d206eb20760772ba68f8a6b339ad845d6615595fe32c1c1084534a30,sender,recipient,0.13649975762786426,-5.096375144546915,486546250642478130744221180424,0,37712827351470.41,36301
mypool,34798741,0x286bc8ff480837efdc3aa8acf79b6bf256e1246858a712e8eeeef4e23e18dc82,1667423638,3,0x286bc8ff480837efdc3aa8acf79b6bf256e1246858a712e8eeeef4e23e18dc82,sender,recipient,2.6784017095035e-05,-0.001,486546249494717862581501093204,0,37712827173541.65,36301
mypool,34798872,0xda045cab2c670771c2cf9d1979d6e8ee913a1d27d58036af078c31809b1a2f92,1667423687,3,0xda045cab2c670771c2cf9d1979d6e8ee913a1d27d58036af078c31809b1a2f92,sender,recipient,0.22,-8.213694606223456,486536822142394016859700799034,0,37711365735230.875,36301
mypool,34799488,0xc4af83cd25faca0d645fd2898de560f2ce731912d03527e8ff3ee10283f5ed4e,1667423932,3,0xc4af83cd25faca0d645fd2898de560f2ce731912d03527e8ff3ee10283f5ed4e,sender,recipient,2.997e-05,-0.001118907531820609,486536820858156408087990404811,0,37711365536148.91,36301
mypool,34799641,0x245b6fb65dca55f9d0def3befdfab80cafc3f8f35a46831a845613c612fade38,1667423999,3,0x245b6fb65dca55f9d0def3befdfab80cafc3f8f35a46831a845613c612fade38,sender,recipient,2.6785055330751e-05,-0.001,486536819710396139925270317591,0,37711365358223.6,36301
mypool,34799934,0x0a62af88e8bccce8cf1d48740f11e967b0a9fcae5a45eb5bf1fe8cd37017aaf6,1667424112,9,0x0a62af88e8bccce8cf1d48740f11e967b0a9fcae5a45eb5bf1fe8cd37017aaf6,sender,recipient,1.0,-37.33096385363175,486493972713312722739675653501,0,37704723527442.05,36299
mypool,34800179,0x75410329e539e2f3eb0de573de3d51c01459fadd48e726a0cdb4c0259e193278,1667424194,5,0x75410329e539e2f3eb0de573de3d51c01459fadd48e726a0cdb4c0259e193278,sender,recipient,0.06697482923457143,-2.5,486491103312642315939457603867,0,37704278754655.63,36299
mypool,34800190,0x521ee092ee2bc05875bd82ceb0361d28ea21db52c7393a44592cd2a4a707aeab,1667424197,3,0x521ee092ee2bc05875bd82ceb0361d28ea21db52c7393a44592cd2a4a707aeab,sender,recipient,2.6973e-05,-0.001006827533349244,486491102157045676268918629859,0,37704278575532.37,36299
mypool,34800217,0x704564d12e547dbea21186ceaaba0af403fd21aedabca30fb14479e542e0f6fa,1667424206,5,0x704564d12e547dbea21186ceaaba0af403fd21aedabca30fb14479e542e0f6fa,sender,recipient,0.26790721895796554,-10.0,486479624554364049068046431324,0,37702499510624.26,36299
mypool,34800247,0x894c03865e853190a243120c245bf41b5862399758a5ca356c83259b3350773a,1667424215,37,0x894c03865e853190a243120c245bf41b5862399758a5ca356c83259b3350773a,sender,recipient,2.6973e-05,-0.001006780021715648,486479623398821941362824894667,0,37702499331513.67,36299
mypool,34800651,0x9b0fae622382a5c6f690aa5c0773fba0f450242c5749a3134062435ac2c855ac,1667424351,7,0x9b0fae622382a5c6f690aa5c0773fba0f450242c5749a3134062435ac2c855ac,sender,recipient,0.01724328167456458,-0.6436126903311826,486478884685747893914935511208,0,37702384830076.42,36299
mypool,34800708,0x495f5bddb9376f192cc739a58b0d765e371008ed786e411c67be207f3a3927c6,1667424370,8,0x495f5bddb9376f192cc739a58b0d765e371008ed786e411c67be207f3a3927c6,sender,recipient,0.19815838360430182,-7.396204133388293,486470395616508369948924855886,0,37701069026357.57,36298
mypool,34800748,0x66c0740772d017fb947cfbd4b4f3d59fb189dd04efb531ed4a6207b614d06e81,1667424382,14,0x66c0740772d017fb947cfbd4b4f3d59fb189dd04efb531ed4a6207b614d06e81,sender,recipient,2.6792370576496e-05,-0.001,486470394468748101786204768666,0,37701068848456.555,36298
mypool,34800980,0x2ba92ce7e80a12dd6f740d194a858d91576a106dc9d345774aa95449b45168a0,1667424460,5,0x2ba92ce7e80a12dd6f740d194a858d91576a106dc9d345774aa95449b45168a0,sender,recipient,5e-07,-1.8662029079164e-05,486470394447328566285842674715,0,37701068845136.56,36298
mypool,34801067,0xc50712aa4aab5b86b9c3d704efd4ceff65368d36bd06c3ea3a351b3fd6b05cbe,1667424488,5,0xc50712aa4aab5b86b9c3d704efd4ceff65368d36bd06c3ea3a351b3fd6b05cbe,sender,recipient,5e-05,-0.001866202899617274,486470392305375025775073456238,0,37701068513137.17,36298
mypool,34801075,0x827489b742ff8acdab98259d51a532dea7b82b900d5014f2f1f6ddd2d6dca939,1667424490,3,0x827489b742ff8acdab98259d51a532dea7b82b900d5014f2f1f6ddd2d6dca939,sender,recipient,8.037711320293e-05,-0.003,486470388862094221286913194578,0,37701067979434.125,36298
mypool,34801087,0xd6063bf78eeb1895faac74a6c956ca6defb85fdcb7fc97311e02b146c63b2564,1667424494,3,0xd6063bf78eeb1895faac74a6c956ca6defb85fdcb7fc97311e02b146c63b2564,sender,recipient,2.6792371320495e-05,-0.001,486470387714333953124193107358,0,37701067801533.11,36298
mypool,34801112,0x3ef8d61a94e147209c0b0d129c83da75f10ad2e4890eee0e5e72d092bd43d296,1667424504,3,0x3ef8d61a94e147209c0b0d129c83da75f10ad2e4890eee0e5e72d092bd43d296,sender,recipient,0.002947161617084492,-0.11,486470261460704455224983513174,0,37701048232424.08,36298
mypool,34801262,0xe21caded6d5b548b49f784e7a9df136f336fb6762877e18e4dbe2c893cf599b3,1667424567,3,0xe21caded6d5b548b49f784e7a9df136f336fb6762877e18e4dbe2c893cf599b3,sender,recipient,2.679238529689e-06,-0.0001,486470261345928428408711504452,0,37701048214633.984,36298
mypool,34804237,0x07a18f2a4a9d425a834ac1782f8e9bac74ec3f5f93014fc0909b9dd4d9368b16,1667425652,3,0x07a18f2a4a9d425a834ac1782f8e9bac74ec3f5f93014fc0909b9dd4d9368b16,sender,recipient,0.002679239162450002,-0.1,486470146569901612136702782466,0,37701030424539.28,36298
mypool,34804643,0xfcffef855f00c2fc6cc640a6900d30e91b77e77a436157f5acaa3f01f80ffda5,1667425815,3,0xfcffef855f00c2fc6cc640a6900d30e91b77e77a436157f5acaa3f01f80ffda5,sender,recipient,5.6264035964953e-05,-0.0021,486470144159605048994990599304,0,37701030050947.336,36298
mypool,34804656,0x91b6f50e3bda8a3c1d2b8f39a74ef256279d16f5dab67ac7b372f420956d38cd,1667425819,3,0x91b6f50e3bda8a3c1d2b8f39a74ef256279d16f5dab67ac7b372f420956d38cd,sender,recipient,0.08037776355515351,-3.0,486466700878800560834728939743,0,37700496350060.57,36298
mypool,34817794,0x67e2f6bc4bbfac446d310af5e63e4b64dcd17dcde14483e34ecef4771d536a45,1667431277,2,0x67e2f6bc4bbfac446d310af5e63e4b64dcd17dcde14483e34ecef4771d536a45,sender,recipient,0.010133099161583616,-0.3782023014676154,486466266368915560688274255913,0,37700429002260.66,36298
mypool,34949491,0x72e62991dc3c90a891937cc2058a260984bd11166e8ab1cdb7c794e678ac8708,1667475763,6,0x72e62991dc3c90a891937cc2058a260984bd11166e8ab1cdb7c794e678ac8708,sender,recipient,-0.010268489075588742,0.3910371690431339,486466711205682955001941798289,0,37700497950698.78,36298
mypool,34983818,0xce65d118799ae657e3a9c6b364644a9b36ac1de3e8dd0715de49d05501addc52,1667485888,3,0xce65d118799ae657e3a9c6b364644a9b36ac1de3e8dd0715de49d05501addc52,sender,recipient,-0.05948956558798625,2.265452658756662,486469289449787655694974311041,0,37700897572469.1,36298
mypool,34984748,0x2dc407dab6379ce22b42eda9f273f424fb4a43f47654924c0a3172bb11ebb4f4,1667486159,7,0x2dc407dab6379ce22b42eda9f273f424fb4a43f47654924c0a3172bb11ebb4f4,sender,recipient,-3.516202875372414,133.94499431739965,486621728252963766410318707321,0,37724528992887.83,36304
mypool,34985239,0x9a8644f56636b31289707ac9080c56069aa93db1a4e1437119429c39d10b947d,1667486307,3,0x9a8644f56636b31289707ac9080c56069aa93db1a4e1437119429c39d10b947d,sender,recipient,-0.1373953700187384,5.235595035883927,486627686727524553015479827907,0,37725452839931.4,36305
mypool,34985868,0x69c01f5f5703ab14d40efe3e777d792e843c195369b7f1f6159406bdabe5ec89,1667486488,30,0x69c01f5f5703ab14d40efe3e777d792e843c195369b7f1f6159406bdabe5ec89,sender,recipient,-1.8186530930972973,69.3137710317953,486706570663080010315878474235,0,37737684669216.734,36308
mypool,34986260,0xe7b3f3c39dfd4371007ec4ce71e2070c911e31643738d88482f392fa87d82bee,1667486600,3,0xe7b3f3c39dfd4371007ec4ce71e2070c911e31643738d88482f392fa87d82bee,sender,recipient,-0.5,19.060286158450335,486728262606291440394737690242,0,37741048593208.0,36309
mypool,34986326,0xff1f6aad18495e76b8f158a2932079df5500f297f465f0a2bb8e5f2064bc6738,1667486618,3,0xff1f6aad18495e76b8f158a2932079df5500f297f465f0a2bb8e5f2064bc6738,sender,recipient,-0.07281029742782323,2.77571192719213,486731421561251266462189924923,0,37741538487338.625,36309
mypool,34987246,0x4e0ea14254c4c5a1c8bfe0b17ec3f46dd13593de36d18ff910656e36e0a08465,1667486893,3,0x4e0ea14254c4c5a1c8bfe0b17ec3f46dd13593de36d18ff910656e36e0a08465,sender,recipient,-0.6588974044053013,25.12046706350333,486760010415608236784173607892,0,37745972222195.85,36310
mypool,34987277,0xcddbd0899cebb9765fe0e3885bda34691ed2f4dc3d95a1e1c0473f6e4e631f58,1667486902,3,0xcddbd0899cebb9765fe0e3885bda34691ed2f4dc3d95a1e1c0473f6e4e631f58,sender,recipient,-1.1638019080653892,44.377164019300984,486810514742447223754711981622,0,37753805379292.26,36312
mypool,34989465,0x792fed99c8adb856dc53185795613d324ba42377666b447104f60da4a0d7b345,1667487564,7,0x792fed99c8adb856dc53185795613d324ba42377666b447104f60da4a0d7b345,sender,recipient,-23.755321030116235,907.8354756791766,487843651680357454510150632377,0,37914221963803.37,36355
mypool,34989962,0xe408ec7ded7c6b4bfca97827f429dee371a3c1d6b11a51a034fe7c5c30b59fa6,1667487709,3,0xe408ec7ded7c6b4bfca97827f429dee371a3c1d6b11a51a034fe7c5c30b59fa6,sender,recipient,-1.6,61.284270283481085,487913394541304115438650986850,0,37925063286895.0,36357
mypool,34992081,0x91d75ae5cfa8897b48d1c8e44a2ed4e7fd71fa759c06128e1d54acda578d81a4,1667488354,7,0x91d75ae5cfa8897b48d1c8e44a2ed4e7fd71fa759c06128e1d54acda578d81a4,sender,recipient,-2.25,86.21065740910672,488011504184512581908731950160,0,37940316766549.87,36361
mypool,35071114,0x8fd730f1a279ea66e56587670cab872726a640fb9e76e6beb111ceebbd547eba,1667517836,3,0x8fd730f1a279ea66e56587670cab872726a640fb9e76e6beb111ceebbd547eba,sender,recipient,-1.3567031234037024,52.0,488070794545815873304988776332,0,37949536351414.52,36364
mypool,35075027,0xadb50c14dd5a02c3f35de8ecbc34cc24cda1f04e6054ddeb2d2da32d21a0203e,1667519956,3,0xadb50c14dd5a02c3f35de8ecbc34cc24cda1f04e6054ddeb2d2da32d21a0203e,sender,recipient,-7.752525699217741,297.3829533866058,488409830735686970906640608493,0,38002277613964.41,36378
mypool,35084212,0xb9b4a01a1ec9efb188a207f24e9ea8f45e89ad8a258b816986a3e60e28eb5207,1667524217,2,0xb9b4a01a1ec9efb188a207f24e9ea8f45e89ad8a258b816986a3e60e28eb5207,sender,recipient,0.04503599627370496,-1.6943489597884782,488407879554255766095337381056,0,38001973978838.15,36378
mypool,35113215,0xdc24dd2f9fafb8bfc9c88841ab2da234c420baa7d9904ed6f267956ae21b5c3a,1667535249,5,0xdc24dd2f9fafb8bfc9c88841ab2da234c420baa7d9904ed6f267956ae21b5c3a,sender,recipient,-1.041953829220544,40.0,488453489451552011195245399055,0,38009071927635.414,36380
mypool,35113836,0x6f542b63b7847a217ede122c98b40d594e07377c239a66d13cb64a57ee737d76,1667535511,14,0x6f542b63b7847a217ede122c98b40d594e07377c239a66d13cb64a57ee737d76,sender,recipient,-0.32747194410355945,12.573,488467825782519653436273986812,0,38011303127302.87,36380
mypool,35114512,0x3f805dfa3ebce6242a670c42e174b0b8dcf3f80f014ead62e666763bde942452,1667535804,3,0x3f805dfa3ebce6242a670c42e174b0b8dcf3f80f014ead62e666763bde942452,sender,recipient,-6.253579858724301,240.24245158474318,488741761621094110227070682608,0,38053949039233.734,36391
mypool,35116629,0x610156ec4367aef25d904f7047a9cb4b7a9b6ff4882a30e4ecc7d8e3ad5e1ece,1667536696,3,0x610156ec4367aef25d904f7047a9cb4b7a9b6ff4882a30e4ecc7d8e3ad5e1ece,sender,recipient,-8.302941200019925,319.3928047892952,489118680607455403785823093578,0,38112666291593.97,36407
mypool,35118390,0x7914dc8013a2b87f172fe50e18309541541fdaea17bd5f19152c46f4841fd212,1667537459,3,0x7914dc8013a2b87f172fe50e18309541541fdaea17bd5f19152c46f4841fd212,sender,recipient,-7.786819948379003,300.0,489487081167533330314135598150,0,38170100267643.94,36422
mypool,35120458,0x54c6d38cb510edd2ce580ca18023a14dd220976d2ca01395d3c32d5019a7d6f8,1667538387,7,0x54c6d38cb510edd2ce580ca18023a14dd220976d2ca01395d3c32d5019a7d6f8,sender,recipient,-25.872458706631843,1000.0322749971334,490715122668216486915329755045,0,38361865358623.02,36472
mypool,35154525,0x3e8851c4ef50eb9aae88ce390ca2d7eca50e377978489e12619f339289363614,1667550024,3,0x3e8851c4ef50eb9aae88ce390ca2d7eca50e377978489e12619f339289363614,sender,recipient,4.993341634726411,-189.5483619100894,490482239077634957933314679864,0,38325462449397.52,36462
mypool,35154548,0x689aa71a61b8865e1c47486d45653358127c899c8b02087e9e0482743eac601e,1667550030,6,0x689aa71a61b8865e1c47486d45653358127c899c8b02087e9e0482743eac601e,sender,recipient,2.6843604525666573,-101.82458381359444,490357134991010205711828962194,0,38305914094250.32,36457
